loc,avg_line_len,cyclomatic,functions,danger_eval,danger_exec,danger_subprocess_shell,danger_broad_except,danger_mutable_default,danger_innerHTML,danger_document_write,danger_var_usage,label
17,94.15504997598329,8,7,0,0,1,1,1,0,0,0,1
307,62.192181968527045,1,2,0,0,1,1,0,0,0,0,1
371,84.98844377795233,18,13,0,1,1,0,0,0,0,0,1
362,62.26143981535026,9,4,0,0,0,0,0,0,0,0,0
188,104.74943663474598,20,8,0,1,1,0,0,0,0,0,1
287,49.31782814070929,20,11,0,0,0,1,0,0,0,0,1
45,105.53177210151469,0,0,0,0,0,0,0,0,0,1,0
88,57.018096711688266,0,0,0,0,0,0,0,1,0,0,1
278,92.91267979503492,6,14,1,0,1,1,1,0,0,0,1
355,52.428273441532184,2,7,0,0,0,0,0,0,0,0,0
295,107.63676264726689,11,6,1,1,1,0,0,0,0,0,1
76,44.66275076939834,0,0,0,0,0,0,0,1,1,1,1
190,41.93207591572833,0,0,0,0,0,0,0,1,0,0,1
61,35.28413193482611,6,25,1,0,0,0,1,0,0,0,1
275,45.14141199818132,0,0,0,0,0,0,0,1,1,0,1
398,84.0961798579808,0,0,0,0,0,0,0,0,0,0,0
6,115.38159275210802,0,0,0,0,0,0,0,1,0,0,1
332,70.76628819776343,0,0,0,0,0,0,0,0,0,0,0
311,52.41560570046731,1,3,0,0,0,0,0,0,0,0,0
48,93.19075948446277,3,24,0,0,1,0,1,0,0,0,1
140,72.7673787418254,20,13,0,0,1,0,0,0,0,0,1
229,109.96140846429455,0,0,1,0,0,0,0,0,0,0,1
178,22.103426000705888,18,7,0,0,0,1,1,0,0,0,1
122,26.74003281103075,2,10,0,0,0,1,0,0,0,0,1
281,33.231184872502496,19,18,1,0,0,0,0,0,0,0,1
54,85.8982749514663,12,13,1,1,1,0,1,0,0,0,1
36,60.26212821022688,11,25,0,0,0,0,1,0,0,0,1
76,62.18816398344042,0,0,0,0,0,0,0,0,0,0,0
286,29.790872820160033,0,0,0,0,0,0,0,0,0,0,0
253,68.13584179710395,0,0,1,0,0,0,0,0,0,1,1
204,46.520305817215196,15,9,1,1,0,0,0,0,0,0,1
34,77.91802908162562,18,1,0,0,0,1,0,0,0,0,1
34,116.07789032744503,3,5,0,0,1,0,0,0,0,0,1
296,44.62153477886248,20,1,0,1,1,1,1,0,0,0,1
138,40.425919942353644,0,0,0,0,0,0,0,0,0,1,0
348,84.55007888376495,15,10,0,0,0,1,1,0,0,0,1
42,73.76344041016273,17,8,0,0,0,0,0,0,0,0,1
85,63.81845730077099,0,0,0,0,0,0,0,1,1,0,1
344,30.358650191821148,0,0,0,0,0,0,0,0,0,0,0
144,48.17562714578943,7,22,0,0,1,1,0,0,0,0,1
133,110.53364910793232,0,0,0,0,0,0,0,0,1,1,1
27,20.35456890877823,0,0,0,0,0,0,0,1,0,0,1
287,90.56674467599908,0,0,0,0,0,0,0,0,0,0,0
194,78.25095664897941,5,13,0,0,0,0,0,0,0,0,0
112,88.20666883105766,0,0,0,0,0,0,0,0,1,1,1
126,106.4605696219964,6,13,0,0,1,0,0,0,0,0,1
141,35.919784298073125,4,12,0,1,0,0,0,0,0,0,1
161,102.0536380971562,0,0,0,0,0,0,0,0,0,0,0
173,47.86030610230039,0,0,0,0,0,0,0,0,0,1,0
19,31.534175185142757,0,0,0,0,0,0,0,0,1,1,1
60,79.65712549877446,12,23,0,1,1,1,0,0,0,0,1
300,39.0078774502296,0,0,0,0,0,0,0,1,0,0,1
191,63.12973996249869,11,19,0,0,1,0,1,0,0,0,1
346,60.83929086192168,0,0,1,0,0,0,0,1,0,0,1
220,86.49294342127715,13,21,0,0,0,1,0,0,0,0,1
151,41.01826848826419,0,0,0,0,0,0,0,0,0,1,0
266,67.31861859093263,6,21,0,0,1,1,1,0,0,0,1
52,101.84234645366642,0,0,0,0,0,0,0,1,0,0,1
80,22.442538772682635,8,15,0,1,0,1,1,0,0,0,1
372,89.6354250490505,16,12,0,0,1,1,0,0,0,0,1
222,41.88411368123194,17,14,0,0,0,0,0,0,0,0,1
346,73.11318858555887,0,0,0,0,0,0,0,0,1,1,1
86,94.3655442159585,0,0,1,0,0,0,0,0,0,0,1
397,97.76748353339717,0,0,1,0,0,0,0,1,0,1,1
44,91.35448626110565,0,0,0,0,0,0,0,0,0,1,0
75,35.08306580130866,13,22,0,0,0,0,0,0,0,0,1
282,66.59243033511507,0,0,0,0,0,0,0,0,0,1,0
396,77.56903468100802,16,0,0,0,0,0,1,0,0,0,1
254,41.94216346214361,14,15,0,1,0,1,1,0,0,0,1
375,36.50447312035088,0,0,1,0,0,0,0,0,1,0,1
308,76.43919830247741,0,0,0,0,0,0,0,0,1,1,1
241,38.172902651343215,9,12,0,0,0,0,0,0,0,0,0
147,95.20098235547849,0,0,1,0,0,0,0,0,0,1,1
388,73.94190479225337,12,7,0,0,0,0,0,0,0,0,1
323,35.23823457847904,5,15,0,0,0,1,0,0,0,0,1
90,80.58926925603113,0,0,0,0,0,0,0,0,0,0,0
164,77.5796728412414,13,12,0,0,1,1,1,0,0,0,1
57,89.71930024957722,10,21,0,0,0,1,0,0,0,0,1
40,70.5960789677078,0,0,0,0,0,0,0,0,0,1,0
226,116.07875672145786,15,22,0,1,0,1,1,0,0,0,1
320,100.8199218806756,0,0,1,0,0,0,0,0,0,1,1
130,103.07310188906034,0,0,0,0,0,0,0,0,0,0,0
296,81.03317042305207,0,0,1,0,0,0,0,0,0,1,1
98,68.75499323913444,0,0,0,0,0,0,0,0,0,1,0
289,21.01511144386771,0,0,0,0,0,0,0,0,0,1,0
289,95.81646534824664,0,0,1,0,0,0,0,1,1,1,1
13,29.305335055467168,0,0,0,0,0,0,0,0,1,0,1
344,78.15555853323671,0,0,1,0,0,0,0,1,1,1,1
386,75.03884727566785,0,0,0,0,0,0,0,1,0,1,1
133,43.053804129850775,0,0,0,0,0,0,0,0,0,0,0
115,93.86046535089507,9,23,0,0,0,0,0,0,0,0,0
96,50.226758878043555,0,0,0,0,0,0,0,0,0,0,0
362,114.40896147957406,0,0,1,0,0,0,0,0,0,1,1
250,64.04687981360102,0,0,0,0,0,0,0,0,0,1,0
38,60.07074422519398,3,18,0,0,0,1,0,0,0,0,1
132,31.84515622114616,14,19,0,1,0,0,0,0,0,0,1
161,76.86294706242332,0,0,0,0,0,0,0,1,1,0,1
325,41.1025195305393,3,5,0,0,1,0,0,0,0,0,1
214,65.05037046177024,20,15,0,0,0,0,1,0,0,0,1
364,105.96067313405224,0,0,0,0,0,0,0,1,0,1,1
222,31.477630246104574,8,20,0,0,0,0,0,0,0,0,0
162,79.50440373194047,19,9,1,0,0,1,0,0,0,0,1
144,70.04721771179256,0,0,1,0,0,0,0,0,0,0,1
381,52.23215833582999,0,0,0,0,0,0,0,0,0,0,0
396,87.22815843032393,9,18,0,0,0,1,1,0,0,0,1
147,38.1489147223126,0,0,1,0,0,0,0,1,0,0,1
183,60.83480934300153,0,0,0,0,0,0,0,1,0,0,1
215,89.36736739834325,0,0,0,0,0,0,0,1,0,0,1
50,51.451715717016796,0,0,0,0,0,0,0,0,0,0,0
216,25.420408537672863,0,0,0,0,0,0,0,1,0,1,1
109,46.705623827293245,5,9,1,1,0,0,1,0,0,0,1
368,35.837816380523236,18,0,1,0,0,0,0,0,0,0,1
336,103.21431737689012,16,22,0,0,0,0,0,0,0,0,1
238,75.12650768804696,13,6,0,0,0,0,0,0,0,0,1
6,48.28389832828266,0,0,0,0,0,0,0,1,1,1,1
233,73.85805777038738,12,10,1,1,0,0,1,0,0,0,1
297,58.29708489296022,14,1,0,1,1,0,0,0,0,0,1
258,116.48244383709104,5,16,0,0,0,0,1,0,0,0,1
12,92.24438275706426,0,0,1,0,0,0,0,1,0,0,1
140,53.856123405143165,0,0,1,0,0,0,0,1,0,1,1
167,82.67991790079878,0,0,1,0,0,0,0,1,0,0,1
328,88.43995744059167,10,7,0,1,0,1,1,0,0,0,1
232,36.63647867292252,10,0,0,0,0,0,0,0,0,0,0
225,34.55697956993984,0,0,1,0,0,0,0,1,1,0,1
94,27.89683506599946,13,19,0,1,1,0,0,0,0,0,1
331,45.39773394135423,0,0,0,0,0,0,0,1,0,1,1
351,74.65981376020284,0,0,0,0,0,0,0,0,0,1,0
358,45.00982244077012,0,0,0,0,0,0,0,0,0,1,0
126,58.136429765762905,12,18,0,0,0,1,0,0,0,0,1
9,76.5929016955699,0,0,0,0,0,0,0,1,1,1,1
122,80.7064998164266,0,0,0,0,0,0,0,0,1,0,1
352,95.55773237416771,0,0,0,0,0,0,0,1,0,0,1
230,23.336453124563242,0,0,0,0,0,0,0,1,0,0,1
172,94.74808649383715,0,0,0,0,0,0,0,0,0,1,0
89,45.69700845632623,0,0,1,0,0,0,0,0,1,1,1
244,116.28932928688776,5,24,0,1,1,0,0,0,0,0,1
12,46.44585783524238,0,0,0,0,0,0,0,0,0,1,0
331,114.02918917795542,0,0,0,0,0,0,0,1,0,1,1
322,108.42348452148522,18,10,0,0,1,0,1,0,0,0,1
337,60.82958557954127,0,0,0,0,0,0,0,0,0,1,0
64,29.71919986218216,0,0,0,0,0,0,0,0,0,1,0
305,94.22690147653158,0,0,0,0,0,0,0,0,1,0,1
320,60.81158856977005,0,0,0,0,0,0,0,0,1,1,1
232,64.46958597790834,8,11,0,0,1,1,0,0,0,0,1
208,47.588144086158685,4,14,0,0,1,1,1,0,0,0,1
30,98.67945904546167,8,4,0,0,1,0,1,0,0,0,1
124,52.855955343223044,5,25,0,0,0,0,1,0,0,0,1
94,30.992634788943555,0,0,0,0,0,0,0,0,0,1,0
306,52.37714619620225,6,8,0,0,1,0,1,0,0,0,1
386,26.355803814713624,15,24,0,0,0,1,0,0,0,0,1
377,98.32269959803796,17,9,1,0,0,0,0,0,0,0,1
356,30.796182967922718,0,0,1,0,0,0,0,0,0,1,1
38,32.619158830505604,20,20,0,1,1,1,0,0,0,0,1
263,80.54267915353128,0,0,0,0,0,0,0,1,0,0,1
236,108.8091021988493,0,0,1,0,0,0,0,0,0,1,1
378,29.508583927563087,0,0,1,0,0,0,0,0,1,1,1
83,88.68210354669768,0,0,1,0,0,0,0,0,0,0,1
226,29.656443256578562,12,25,0,0,1,1,1,0,0,0,1
348,32.22312853545593,0,0,0,0,0,0,0,1,0,0,1
312,51.244889908765394,0,0,0,0,0,0,0,1,1,0,1
341,68.21893962043886,4,11,0,0,0,1,0,0,0,0,1
292,117.45466021257081,0,0,0,0,0,0,0,1,1,1,1
97,47.32703887127248,10,10,0,0,0,0,1,0,0,0,1
40,34.187465415126866,0,0,0,0,0,0,0,0,1,0,1
219,65.36457906730173,0,0,0,0,0,0,0,0,0,1,0
31,35.55799034044884,20,1,0,0,0,1,0,0,0,0,1
315,64.20441866977791,0,0,0,0,0,0,0,0,1,0,1
225,31.088977220093057,0,0,1,0,0,0,0,1,1,1,1
117,59.526339608762896,20,1,0,0,0,0,0,0,0,0,1
153,52.81223559378411,0,0,0,0,0,0,0,0,1,1,1
71,58.02074457152362,8,16,0,0,0,1,0,0,0,0,1
14,65.9754250356275,0,0,0,0,0,0,0,0,1,1,1
368,84.01416690475789,0,0,0,0,0,0,0,0,0,0,0
92,100.13221543104521,0,0,1,0,0,0,0,1,0,0,1
59,44.33164748227337,0,0,1,0,0,0,0,1,0,1,1
386,53.95132811484639,0,0,0,0,0,0,0,0,0,0,0
183,55.10997349573605,5,7,0,0,0,0,0,0,0,0,0
394,95.91523800455705,3,5,1,1,1,1,0,0,0,0,1
326,51.61388944905802,0,0,1,0,0,0,0,0,0,1,1
145,79.14197568310209,0,0,0,0,0,0,0,1,0,1,1
236,23.760724557109207,0,0,0,0,0,0,0,0,0,0,0
241,78.03294074111906,0,0,0,0,0,0,0,0,1,0,1
314,67.56290279430695,0,0,0,0,0,0,0,0,0,0,0
370,28.432913202456383,0,0,0,0,0,0,0,0,0,1,0
273,72.27480352655456,0,0,0,0,0,0,0,0,0,1,0
214,97.44647885737355,0,0,0,0,0,0,0,1,1,1,1
173,29.450594751509435,13,9,0,0,0,0,1,0,0,0,1
184,51.02317375518121,13,4,0,0,1,0,1,0,0,0,1
70,87.01163999947225,0,0,0,0,0,0,0,1,1,1,1
14,56.25976689820444,0,0,0,0,0,0,0,0,0,1,0
120,119.99766211030285,5,2,0,0,1,1,1,0,0,0,1
343,53.676437196428154,20,4,1,0,0,0,1,0,0,0,1
374,63.767340513834675,14,11,0,1,1,0,1,0,0,0,1
124,73.40111496982611,0,0,0,0,0,0,0,0,0,1,0
241,96.9438551975576,0,0,1,0,0,0,0,1,1,1,1
107,100.12592241515476,5,8,0,1,0,1,0,0,0,0,1
150,28.38751253717901,6,8,1,0,0,0,0,0,0,0,1
183,113.04719271262749,0,0,1,0,0,0,0,0,0,1,1
202,119.45253512382912,12,7,0,0,0,1,1,0,0,0,1
79,33.75995877258717,0,0,0,0,0,0,0,0,1,0,1
234,81.53482571635485,0,0,0,0,0,0,0,0,0,0,0
285,114.02259493413179,20,16,1,0,0,0,0,0,0,0,1
29,43.843950345982265,20,14,0,0,0,1,1,0,0,0,1
328,71.53757302094061,8,22,0,0,0,0,1,0,0,0,1
128,77.06637160224288,0,0,0,0,0,0,0,1,1,0,1
39,115.3403677985515,0,0,0,0,0,0,0,0,0,0,0
196,45.36502610692128,0,0,0,0,0,0,0,0,0,1,0
380,85.71044000108314,4,24,0,0,0,0,1,0,0,0,1
334,37.50891270517084,0,0,1,0,0,0,0,1,0,0,1
37,91.60450575961946,15,1,0,0,0,0,0,0,0,0,1
163,71.53835892544987,0,0,1,0,0,0,0,0,0,0,1
187,106.21385304692504,0,0,0,0,0,0,0,1,0,1,1
193,63.69513831249364,13,23,1,1,0,0,0,0,0,0,1
193,112.43104666269636,0,0,0,0,0,0,0,0,1,1,1
225,80.24532988302272,6,17,0,0,0,0,0,0,0,0,0
161,64.59157630996526,0,0,1,0,0,0,0,0,1,1,1
233,24.235516285012952,0,0,0,0,0,0,0,1,0,1,1
43,87.11838888936678,13,11,0,0,0,1,1,0,0,0,1
22,32.62300243022543,0,0,0,0,0,0,0,1,0,1,1
295,23.238532397966697,0,0,0,0,0,0,0,1,0,1,1
232,96.30844717985795,0,0,0,0,0,0,0,1,0,1,1
337,47.868976629981134,0,0,0,0,0,0,0,0,1,0,1
270,58.698738003926344,0,0,0,0,0,0,0,0,0,1,0
318,48.5576877698158,16,6,0,0,0,0,0,0,0,0,1
49,101.05132183576319,0,0,0,0,0,0,0,1,0,0,1
158,105.13620507531259,0,0,0,0,0,0,0,0,1,0,1
107,99.20656736111408,8,25,1,0,0,1,1,0,0,0,1
244,100.36617262885865,0,0,0,0,0,0,0,1,0,0,1
208,119.95950439343869,0,0,1,0,0,0,0,1,0,1,1
69,117.2379731513766,3,14,1,0,0,1,1,0,0,0,1
398,116.62646139341068,14,16,0,0,1,0,0,0,0,0,1
87,52.266075115455564,8,11,0,0,0,0,1,0,0,0,1
69,82.50223614485904,0,0,0,0,0,0,0,1,1,0,1
92,85.87328733837543,20,10,0,0,0,0,1,0,0,0,1
338,41.080837970196455,0,0,1,0,0,0,0,1,1,0,1
326,74.55774835472675,0,0,0,0,0,0,0,0,0,1,0
237,27.297302550534578,0,0,0,0,0,0,0,0,0,1,0
242,40.40230135633987,0,0,0,0,0,0,0,0,1,1,1
209,33.07661515523865,0,0,0,0,0,0,0,1,1,0,1
128,66.64725670406364,0,0,0,0,0,0,0,0,0,0,0
30,49.02120049699015,13,19,1,0,0,0,1,0,0,0,1
102,96.31213751386285,0,0,1,0,0,0,0,1,0,1,1
259,22.3176298216351,0,0,1,0,0,0,0,1,0,0,1
303,55.289508885635534,2,9,1,1,0,1,0,0,0,0,1
225,33.393494399231464,9,23,0,1,0,0,0,0,0,0,1
296,76.18168651659437,12,17,0,0,0,1,0,0,0,0,1
324,88.03986401188608,0,0,0,0,0,0,0,0,0,1,0
178,75.78318382721287,0,0,0,0,0,0,0,0,0,1,0
28,23.891396624622022,11,25,1,1,0,1,1,0,0,0,1
172,113.13687355299899,11,5,1,0,1,0,1,0,0,0,1
367,76.29242606445445,0,0,1,0,0,0,0,0,0,1,1
218,78.37021418487863,1,19,1,0,1,1,1,0,0,0,1
374,25.135516512038762,16,5,1,0,1,0,0,0,0,0,1
102,21.893736750661258,11,13,0,1,1,0,0,0,0,0,1
381,92.74020989409185,0,0,0,0,0,0,0,1,0,1,1
274,57.68247761856958,0,0,0,0,0,0,0,0,1,1,1
351,97.19897841487408,0,0,0,0,0,0,0,1,0,0,1
147,75.80866508074041,8,9,0,0,1,1,0,0,0,0,1
250,54.88031742013066,0,0,0,0,0,0,0,0,0,1,0
181,115.46088633914613,0,0,0,0,0,0,0,0,0,1,0
182,112.40096318898804,9,23,1,0,0,1,0,0,0,0,1
75,30.922658157108,0,0,0,0,0,0,0,0,0,0,0
31,30.01979590453309,11,22,1,0,1,0,0,0,0,0,1
213,85.28927977012998,16,15,0,0,0,0,1,0,0,0,1
398,28.94607205115163,19,7,0,0,0,0,0,0,0,0,1
258,38.63116319224889,0,0,0,0,0,0,0,0,0,1,0
176,48.456165235004626,18,16,1,0,1,0,0,0,0,0,1
62,53.06840968317856,15,20,0,0,0,1,0,0,0,0,1
295,87.44011398947444,0,0,0,0,0,0,0,0,1,1,1
268,52.7926658740176,0,0,1,0,0,0,0,1,0,0,1
249,52.36016700850828,8,0,0,1,0,0,0,0,0,0,1
159,78.24607515549849,0,0,0,0,0,0,0,0,1,1,1
36,86.77861147986714,15,9,0,1,1,1,1,0,0,0,1
358,31.741574584477632,0,0,0,0,0,0,0,0,1,0,1
73,67.8181899735224,15,23,0,1,1,1,0,0,0,0,1
395,44.74654293085777,20,25,0,1,1,1,0,0,0,0,1
293,31.220879153727026,18,16,0,0,0,0,1,0,0,0,1
64,88.02952379390707,0,0,1,0,0,0,0,0,1,1,1
237,33.1944339821099,14,14,0,1,1,0,1,0,0,0,1
207,45.44572190676124,1,23,0,0,0,0,0,0,0,0,0
282,119.41236604769202,3,15,0,0,0,0,0,0,0,0,0
196,119.2856598580879,0,0,1,0,0,0,0,0,0,1,1
354,116.41443763806859,18,4,0,0,0,1,0,0,0,0,1
377,117.87243770263359,1,24,0,0,0,1,1,0,0,0,1
277,57.927646803379375,0,0,0,0,0,0,0,0,0,1,0
146,38.84804512367424,4,1,1,0,0,0,0,0,0,0,1
309,23.35762757542808,20,21,0,0,1,0,0,0,0,0,1
124,73.97598089074285,0,0,0,0,0,0,0,0,1,1,1
379,77.61103355802871,19,19,0,0,0,0,1,0,0,0,1
216,50.05009537574196,2,17,0,1,1,0,0,0,0,0,1
334,87.13425247457224,0,0,0,0,0,0,0,1,0,1,1
158,57.646018850713205,18,15,0,0,0,1,0,0,0,0,1
34,76.23859495869091,0,0,1,0,0,0,0,1,1,0,1
129,45.499564560753655,0,0,0,0,0,0,0,1,0,1,1
52,73.56355363472156,0,0,0,0,0,0,0,0,0,1,0
42,38.81632939327553,19,23,0,1,0,0,0,0,0,0,1
113,113.71597632022477,4,23,1,0,1,1,1,0,0,0,1
208,111.51264595935564,18,10,0,1,0,1,1,0,0,0,1
162,46.15616273853526,0,0,1,0,0,0,0,0,0,1,1
109,57.07049214312585,0,0,1,0,0,0,0,0,1,0,1
13,46.07741099097696,19,18,1,0,0,0,0,0,0,0,1
199,76.9789512704035,8,15,0,0,0,1,1,0,0,0,1
240,36.8233645951541,0,0,0,0,0,0,0,0,0,1,0
282,119.03235408798564,2,16,0,0,1,0,0,0,0,0,1
75,104.25447168253484,0,0,0,0,0,0,0,0,1,0,1
116,70.57329196930651,12,1,1,1,0,0,1,0,0,0,1
11,21.67261476026299,0,0,0,0,0,0,0,1,0,0,1
96,30.70164286944929,0,0,0,0,0,0,0,1,0,0,1
322,72.64559854002162,12,8,1,0,0,0,0,0,0,0,1
361,42.585725262742216,3,20,0,0,0,0,0,0,0,0,0
33,83.67480755556387,0,0,0,0,0,0,0,0,0,1,0
294,117.732922328979,0,0,0,0,0,0,0,1,0,0,1
359,108.75543070344935,16,8,0,0,1,0,1,0,0,0,1
96,112.87663612546592,11,0,0,0,1,0,0,0,0,0,1
88,76.39581996237649,0,0,1,0,0,0,0,1,1,1,1
391,93.9745170920719,0,0,0,0,0,0,0,1,1,1,1
55,63.70882528434991,3,10,1,0,0,1,0,0,0,0,1
256,42.813838985421654,0,0,1,0,0,0,0,0,0,1,1
400,81.86158902598879,8,22,0,0,0,0,0,0,0,0,0
383,58.96219753971564,12,3,0,0,0,0,0,0,0,0,1
57,33.25070044941994,0,0,0,0,0,0,0,0,0,1,0
18,28.96188419603875,18,2,0,1,0,0,0,0,0,0,1
48,92.48438440347913,0,0,0,0,0,0,0,1,1,0,1
91,33.88400589594168,0,0,0,0,0,0,0,0,0,0,0
90,63.46762692627449,14,9,1,0,0,0,0,0,0,0,1
309,81.66687920357899,0,0,1,0,0,0,0,0,0,1,1
207,53.22172153116269,20,12,0,1,0,0,1,0,0,0,1
158,52.066515537508764,7,15,0,0,0,0,0,0,0,0,0
299,98.19743696035765,0,0,0,0,0,0,0,0,0,1,0
63,113.20671525884457,0,0,0,0,0,0,0,1,1,0,1
377,66.16222228331485,7,14,0,0,0,1,0,0,0,0,1
329,50.2832642510691,9,21,0,1,0,0,0,0,0,0,1
303,60.080509732937365,0,0,1,0,0,0,0,1,0,1,1
60,96.89540479200406,12,5,0,1,0,0,0,0,0,0,1
55,45.873837040365544,17,23,0,1,0,0,0,0,0,0,1
181,119.77027254146535,16,3,0,1,0,0,1,0,0,0,1
183,51.18903438975414,15,25,0,1,0,0,0,0,0,0,1
374,89.6763265523666,0,0,0,0,0,0,0,0,0,0,0
16,104.91800080469098,4,21,0,0,1,0,1,0,0,0,1
174,75.9848952489863,15,7,1,0,0,1,1,0,0,0,1
207,22.91922743423906,0,0,0,0,0,0,0,0,1,1,1
7,90.47356159597345,0,0,0,0,0,0,0,0,1,0,1
279,38.69598356320934,11,6,1,0,0,1,0,0,0,0,1
310,58.86392609127493,0,0,1,0,0,0,0,1,0,1,1
239,81.7362679336425,0,0,0,0,0,0,0,1,1,0,1
165,31.78616526616567,10,3,0,0,1,0,1,0,0,0,1
219,79.64258174439317,0,0,1,0,0,0,0,0,0,1,1
289,36.68655238273891,10,4,0,0,0,1,0,0,0,0,1
9,68.46089194456839,0,0,0,0,0,0,0,0,1,1,1
355,69.17258800240637,0,0,1,0,0,0,0,0,0,0,1
394,42.05295062965893,2,8,0,0,0,0,1,0,0,0,1
286,71.08059802145584,0,0,0,0,0,0,0,0,1,1,1
394,91.89802411300434,18,6,1,0,1,1,0,0,0,0,1
21,64.97323428304136,0,0,0,0,0,0,0,0,0,0,0
112,101.07027168394102,19,22,0,1,0,1,0,0,0,0,1
110,100.54404933702783,19,11,0,0,0,1,0,0,0,0,1
298,46.73430662780801,0,0,0,0,0,0,0,0,0,0,0
340,32.68881686138103,0,0,0,0,0,0,0,0,0,1,0
394,104.35556566434693,13,15,0,0,1,0,0,0,0,0,1
43,83.36277633502976,0,0,0,0,0,0,0,0,1,1,1
237,115.02540788653826,0,0,0,0,0,0,0,1,0,0,1
330,86.41438208318425,0,0,0,0,0,0,0,0,1,1,1
224,102.48476476360221,16,8,0,0,0,1,1,0,0,0,1
294,105.24225762884163,11,21,0,0,0,1,0,0,0,0,1
68,112.94328753475219,6,14,1,0,0,0,1,0,0,0,1
337,50.186550437642225,9,2,0,0,0,0,1,0,0,0,1
31,59.63415669322332,10,23,0,1,1,0,1,0,0,0,1
5,41.34211769462131,3,4,0,1,0,0,1,0,0,0,1
66,118.8154909464272,0,0,1,0,0,0,0,1,0,1,1
122,58.30699256757727,4,3,0,0,0,0,0,0,0,0,0
333,119.2940155246385,5,2,0,0,0,0,1,0,0,0,1
326,94.8268836374388,14,19,1,0,0,0,0,0,0,0,1
306,93.00091488959782,12,13,0,0,0,0,1,0,0,0,1
132,75.33966317847302,20,23,0,0,1,0,0,0,0,0,1
387,59.175101589815355,2,25,0,1,0,0,0,0,0,0,1
331,79.39297681377232,0,0,0,0,0,0,0,0,0,0,0
296,62.086353425243836,0,0,0,0,0,0,0,0,0,0,0
12,46.21852771620671,2,1,1,0,1,1,1,0,0,0,1
221,90.18106386235164,0,0,0,0,0,0,0,1,1,0,1
47,50.99068856166419,0,0,0,0,0,0,0,0,1,1,1
305,83.42942473532567,0,0,0,0,0,0,0,0,1,1,1
34,44.44797537193655,14,3,1,0,0,1,1,0,0,0,1
66,21.26649715594992,5,22,0,0,0,0,1,0,0,0,1
90,57.18694308916524,0,0,0,0,0,0,0,1,0,0,1
224,47.19805950213538,0,0,0,0,0,0,0,0,1,0,1
238,71.0781879425972,0,0,0,0,0,0,0,0,1,0,1
85,45.51160810390781,0,0,0,0,0,0,0,1,1,0,1
384,70.88248849106469,2,0,0,0,0,0,0,0,0,0,0
96,113.11600771571855,2,17,1,0,0,0,0,0,0,0,1
143,102.59969955525328,0,0,0,0,0,0,0,0,1,0,1
119,100.43380194587567,2,12,0,1,0,0,0,0,0,0,1
288,65.67461759445754,12,6,0,0,1,1,0,0,0,0,1
193,79.16909349848162,0,0,1,0,0,0,0,0,1,0,1
8,113.23975325378485,1,7,0,0,0,0,1,0,0,0,1
382,92.72150390409725,0,0,0,0,0,0,0,0,1,0,1
256,116.11850608877471,0,0,0,0,0,0,0,1,0,0,1
123,109.72874719314592,17,13,0,1,1,0,1,0,0,0,1
263,33.351385025095695,13,2,0,1,1,0,0,0,0,0,1
138,105.09137057886191,0,0,1,0,0,0,0,1,1,1,1
236,47.195587183245436,0,0,0,0,0,0,0,0,0,0,0
59,36.43749806997682,15,10,1,0,1,0,0,0,0,0,1
162,66.3346595056414,0,0,0,0,0,0,0,0,0,1,0
115,103.59247509879863,11,4,0,0,0,0,1,0,0,0,1
351,49.884071096902176,6,0,1,1,1,1,1,0,0,0,1
53,66.2043248876239,5,3,0,0,0,0,0,0,0,0,0
195,88.62852620355602,0,0,0,0,0,0,0,1,1,1,1
16,119.71614261304738,7,20,1,0,0,0,0,0,0,0,1
241,25.063770091525612,19,13,1,1,0,0,1,0,0,0,1
93,55.394325267312,0,0,0,0,0,0,0,0,0,1,0
22,81.41065777776878,20,7,0,1,0,1,0,0,0,0,1
49,47.97759874389713,5,13,0,0,1,1,0,0,0,0,1
370,55.911210983756504,0,0,1,0,0,0,0,0,1,1,1
143,37.98158736978692,0,0,0,0,0,0,0,1,0,0,1
34,100.86538835729012,0,0,1,0,0,0,0,1,0,0,1
56,44.78570540015728,8,8,0,0,1,0,0,0,0,0,1
95,43.65511327424609,11,25,0,0,1,1,0,0,0,0,1
293,114.83685060458903,16,17,0,0,0,0,0,0,0,0,1
124,80.16627864450882,1,16,1,0,0,1,0,0,0,0,1
179,91.69376326908161,11,1,0,0,1,1,0,0,0,0,1
274,106.06694665915508,3,11,1,0,0,0,0,0,0,0,1
85,93.23520254246408,14,25,1,0,0,1,1,0,0,0,1
119,86.55316694747667,0,0,0,0,0,0,0,0,0,1,0
95,92.8830955935999,19,12,0,0,1,0,1,0,0,0,1
332,76.55502461203204,16,4,0,0,0,0,0,0,0,0,1
330,108.53202533951374,3,22,0,1,0,0,0,0,0,0,1
359,26.77947800642338,9,25,0,0,0,0,0,0,0,0,0
90,108.45519975872274,0,0,1,0,0,0,0,0,0,1,1
250,98.87299944762194,19,20,0,0,0,0,0,0,0,0,1
15,51.87169079566576,0,0,0,0,0,0,0,0,0,0,0
87,93.1985085271317,0,0,0,0,0,0,0,0,1,1,1
225,114.24422581019638,6,19,1,0,0,0,0,0,0,0,1
102,60.92798657506458,18,23,0,0,0,0,0,0,0,0,1
206,77.17698078577416,16,4,0,0,0,0,0,0,0,0,1
343,82.50909537093008,0,0,1,0,0,0,0,0,0,0,1
92,83.81906590745706,3,15,0,0,0,0,0,0,0,0,0
51,84.18663825402112,0,0,1,0,0,0,0,0,0,1,1
100,64.57752707944582,0,0,0,0,0,0,0,0,0,1,0
142,76.42465879145217,5,24,0,0,1,0,1,0,0,0,1
392,78.97264423036034,0,0,0,0,0,0,0,0,1,1,1
298,108.16538694176228,0,0,1,0,0,0,0,0,0,1,1
262,77.12199352715541,17,25,0,0,0,0,0,0,0,0,1
103,32.61859986385397,14,2,1,0,1,0,1,0,0,0,1
168,111.08044857315943,0,0,0,0,0,0,0,0,0,1,0
146,71.96881775420692,0,0,0,0,0,0,0,1,1,1,1
217,34.964231959134146,19,18,0,0,1,0,0,0,0,0,1
215,46.413663017037116,0,0,1,0,0,0,0,1,1,1,1
93,47.54141420347538,5,19,1,0,0,0,1,0,0,0,1
30,94.57498198391362,9,11,0,0,0,0,0,0,0,0,0
361,88.48520271347269,0,0,0,0,0,0,0,0,0,1,0
142,92.8799413269555,0,0,0,0,0,0,0,0,0,0,0
384,68.4460329707662,0,0,0,0,0,0,0,0,1,0,1
164,90.95693983643895,13,4,0,0,0,0,0,0,0,0,1
21,65.64486671280807,12,22,0,0,0,0,1,0,0,0,1
330,112.30735683729712,0,0,0,0,0,0,0,0,0,1,0
95,116.05203782802877,0,0,1,0,0,0,0,1,1,1,1
88,103.76537702567273,0,0,0,0,0,0,0,1,1,0,1
19,58.65656707409847,0,0,0,0,0,0,0,1,0,0,1
351,40.673098615619224,14,16,0,0,0,0,1,0,0,0,1
312,100.08648083244542,8,8,0,0,0,0,0,0,0,0,0
134,41.82090540729315,0,0,0,0,0,0,0,1,1,1,1
8,71.15137174683018,12,17,0,0,1,0,0,0,0,0,1
177,118.83609658217671,11,8,0,0,0,0,1,0,0,0,1
34,100.54298226335298,20,12,0,0,1,0,1,0,0,0,1
156,45.942627271198894,0,0,1,0,0,0,0,0,0,0,1
180,92.65498765809035,8,21,1,0,1,0,0,0,0,0,1
155,29.760306381270933,5,23,0,0,1,0,1,0,0,0,1
118,55.52833961198324,10,13,0,0,0,1,0,0,0,0,1
65,67.05365676706802,0,0,0,0,0,0,0,0,0,0,0
276,49.835575381746324,0,0,0,0,0,0,0,0,0,0,0
214,118.71915993795065,0,0,1,0,0,0,0,0,0,0,1
254,53.26294469165263,6,10,0,0,0,0,0,0,0,0,0
300,96.44837361457579,16,25,0,0,1,0,1,0,0,0,1
211,62.90254486004101,0,0,1,0,0,0,0,0,0,0,1
379,57.3101405427371,1,10,0,0,1,0,1,0,0,0,1
120,89.35247471703971,12,9,0,0,0,1,1,0,0,0,1
90,26.52870224702643,0,0,0,0,0,0,0,0,0,1,0
227,108.79740438370418,0,0,0,0,0,0,0,0,0,1,0
89,114.80843537069427,13,0,0,0,1,0,0,0,0,0,1
306,70.46335545851643,4,11,0,1,1,0,1,0,0,0,1
309,119.46802336570649,4,20,0,0,1,0,0,0,0,0,1
199,32.359506299557076,0,0,0,0,0,0,0,0,1,0,1
360,88.574002854758,1,9,1,0,1,1,0,0,0,0,1
219,103.06527204708898,4,16,0,0,0,0,0,0,0,0,0
316,39.974938614635846,9,16,0,0,1,0,0,0,0,0,1
25,74.81387637284003,7,22,1,0,0,0,0,0,0,0,1
61,103.52321652632412,16,4,0,0,1,1,0,0,0,0,1
334,43.116028649174595,0,0,0,0,0,0,0,0,0,0,0
94,107.41404491621591,10,11,0,1,1,0,0,0,0,0,1
9,105.19987250744882,6,10,0,1,1,0,1,0,0,0,1
195,101.49642895364964,6,3,1,1,0,0,0,0,0,0,1
220,84.88464838722638,0,0,0,0,0,0,0,0,0,0,0
58,61.602771663089655,19,15,1,0,1,0,0,0,0,0,1
355,107.99502465019857,5,15,1,0,0,0,0,0,0,0,1
138,85.49735688733901,1,22,0,0,1,1,1,0,0,0,1
226,86.1713262845963,8,15,0,1,0,1,1,0,0,0,1
10,84.33987165568129,6,16,1,1,0,0,0,0,0,0,1
128,53.089484252143684,0,0,0,0,0,0,0,0,1,0,1
211,101.71033057197928,0,0,0,0,0,0,0,0,0,1,0
260,64.7068119913798,4,15,0,0,0,0,0,0,0,0,0
51,99.1783285172308,20,20,0,0,1,1,0,0,0,0,1
191,102.53109906187296,0,0,0,0,0,0,0,0,0,1,0
371,65.25324561746669,0,0,0,0,0,0,0,1,0,0,1
186,102.98838856344013,0,0,0,0,0,0,0,1,1,1,1
28,109.68771186780585,16,4,1,0,0,1,0,0,0,0,1
66,113.02162591531453,13,6,1,0,1,0,0,0,0,0,1
28,112.66265305373108,0,0,0,0,0,0,0,0,0,0,0
7,73.03643475190842,0,0,0,0,0,0,0,1,0,1,1
359,77.85543857041766,5,3,1,0,1,0,0,0,0,0,1
145,59.78699964552636,11,9,1,0,0,0,1,0,0,0,1
364,74.78059713595178,0,0,0,0,0,0,0,1,1,0,1
112,82.41675892053883,10,21,0,0,1,1,0,0,0,0,1
368,31.54052522836254,0,0,0,0,0,0,0,1,0,1,1
221,100.8304779326696,0,0,0,0,0,0,0,0,0,0,0
348,25.660477429555666,9,24,0,0,1,0,0,0,0,0,1
358,98.43574009473664,7,24,0,0,0,0,1,0,0,0,1
385,84.71194443201314,13,7,0,0,0,0,0,0,0,0,1
287,25.380219230774962,0,0,0,0,0,0,0,0,1,1,1
329,90.46290688927877,12,24,0,0,0,0,0,0,0,0,1
100,116.24752489760155,17,3,1,0,0,0,1,0,0,0,1
71,36.09288497566137,0,0,0,0,0,0,0,0,0,1,0
25,35.370338356962975,11,19,0,0,0,1,1,0,0,0,1
42,98.40314485705015,0,0,0,0,0,0,0,1,0,0,1
263,35.93704925174359,18,17,1,0,0,0,0,0,0,0,1
174,56.07978246627327,0,0,0,0,0,0,0,1,1,1,1
63,86.89384679943866,15,7,0,0,1,0,0,0,0,0,1
202,45.659055665312195,10,0,0,1,0,0,0,0,0,0,1
169,71.38947001274335,4,5,0,0,0,1,1,0,0,0,1
355,62.420945194114054,4,6,1,0,1,1,0,0,0,0,1
240,91.6868283835913,2,2,0,0,0,0,1,0,0,0,1
299,102.16193186316313,9,13,1,1,1,0,0,0,0,0,1
13,58.95018672443832,0,0,0,0,0,0,0,1,0,0,1
363,104.82512390061426,12,16,0,0,1,0,1,0,0,0,1
149,96.52742410204625,15,12,1,0,0,0,1,0,0,0,1
74,94.67539116069119,18,9,0,0,1,1,1,0,0,0,1
10,75.3524187764279,0,0,0,0,0,0,0,0,0,0,0
280,74.75254501922383,0,0,0,0,0,0,0,0,0,1,0
216,110.56280303443334,17,4,0,0,0,1,0,0,0,0,1
63,38.13579847736501,19,1,1,0,0,1,0,0,0,0,1
55,39.7417592447916,0,0,1,0,0,0,0,0,0,0,1
56,48.513714387652115,3,6,0,1,0,0,1,0,0,0,1
360,78.41699328451972,0,0,0,0,0,0,0,0,0,0,0
165,44.61751385454841,8,22,1,0,0,0,1,0,0,0,1
250,66.28483760756103,0,0,0,0,0,0,0,0,0,0,0
335,80.66276660708613,9,4,0,0,1,1,0,0,0,0,1
14,104.95872729061418,1,18,1,0,0,1,0,0,0,0,1
339,97.51972388374281,0,0,0,0,0,0,0,0,0,1,0
242,70.11231713772713,3,12,0,0,1,0,1,0,0,0,1
392,71.41366805163821,15,5,0,0,1,1,0,0,0,0,1
25,41.88191172590284,0,0,1,0,0,0,0,0,0,1,1
124,24.280844083864686,0,0,0,0,0,0,0,1,0,1,1
237,108.1551981318276,0,0,0,0,0,0,0,1,0,0,1
384,46.33160693841534,0,0,0,0,0,0,0,0,1,1,1
305,85.33365465568498,0,0,0,0,0,0,0,1,0,1,1
269,60.5842202550903,12,15,1,0,1,0,0,0,0,0,1
122,27.708822574124685,9,6,0,0,0,0,1,0,0,0,1
343,43.03463325993246,11,23,0,1,1,0,0,0,0,0,1
307,36.12462598626257,14,0,0,0,0,1,1,0,0,0,1
73,82.9540424888155,2,18,0,0,0,0,0,0,0,0,0
311,116.9243687120115,0,0,0,0,0,0,0,1,1,1,1
115,64.92033616194567,16,15,0,0,0,1,0,0,0,0,1
324,85.9648750057853,9,5,0,1,1,1,0,0,0,0,1
198,58.54618827418476,4,0,0,1,0,1,0,0,0,0,1
248,110.16082183625413,20,1,0,0,0,1,0,0,0,0,1
352,84.92317351065338,17,13,0,0,1,1,0,0,0,0,1
251,98.95555851509546,13,11,0,1,0,0,0,0,0,0,1
47,48.32666680089558,18,13,0,0,0,1,1,0,0,0,1
300,72.25406297879562,17,0,1,0,1,0,0,0,0,0,1
59,35.47785805618136,0,0,0,0,0,0,0,0,1,1,1
318,47.556054287998876,0,0,1,0,0,0,0,0,0,1,1
194,75.90938296534966,16,8,0,0,1,0,1,0,0,0,1
342,31.908576449613417,8,14,0,0,0,1,0,0,0,0,1
286,81.40253670294389,0,0,0,0,0,0,0,0,0,0,0
79,67.16686600883438,20,13,0,0,0,0,0,0,0,0,1
316,23.775533828507893,13,12,0,0,0,1,0,0,0,0,1
10,40.17072428060146,0,0,0,0,0,0,0,0,0,0,0
350,23.60611331443488,8,20,0,0,0,0,0,0,0,0,0
347,59.51431170512062,0,0,0,0,0,0,0,1,0,0,1
286,48.44937870363794,18,18,0,0,0,0,1,0,0,0,1
237,112.97138408121202,19,0,0,0,0,1,0,0,0,0,1
262,49.425182446812,4,25,0,0,1,0,0,0,0,0,1
399,44.32732564022636,0,0,0,0,0,0,0,0,1,1,1
251,31.62683014409226,3,12,0,0,0,0,0,0,0,0,0
363,103.21770449232287,8,9,0,1,1,1,0,0,0,0,1
288,113.13962398356627,16,10,0,0,1,0,0,0,0,0,1
260,93.71122479413937,8,23,0,0,0,0,0,0,0,0,0
321,55.602737334367305,4,3,0,1,1,0,1,0,0,0,1
251,57.11965353836676,11,15,0,1,0,1,0,0,0,0,1
118,95.01693857957808,0,0,0,0,0,0,0,0,1,1,1
281,23.256264703329805,0,0,0,0,0,0,0,0,1,0,1
66,89.82445680961395,0,0,1,0,0,0,0,0,1,0,1
350,41.075238570144776,19,3,0,0,1,0,0,0,0,0,1
126,46.94082295249801,0,0,0,0,0,0,0,0,0,1,0
112,61.90929435246633,0,0,0,0,0,0,0,0,0,1,0
97,77.14097181792495,0,0,0,0,0,0,0,0,1,1,1
289,63.22187517308349,13,6,0,0,0,0,0,0,0,0,1
260,33.44716846612227,0,0,0,0,0,0,0,0,0,1,0
208,29.89747992943464,6,1,0,0,0,1,0,0,0,0,1
386,53.46565385145628,0,0,0,0,0,0,0,0,1,1,1
15,61.176090479819095,0,0,0,0,0,0,0,1,1,0,1
150,55.51090383908918,17,15,1,0,0,1,0,0,0,0,1
328,115.65944309893871,0,0,0,0,0,0,0,1,0,1,1
41,27.91119274646005,0,0,0,0,0,0,0,0,0,1,0
368,46.74723908706379,0,0,1,0,0,0,0,0,0,1,1
216,36.73181070676907,0,0,0,0,0,0,0,0,1,0,1
385,90.06969284246843,0,0,0,0,0,0,0,0,0,1,0
53,26.379239959116024,16,17,0,0,0,1,0,0,0,0,1
139,81.81021716838654,3,20,1,0,0,0,1,0,0,0,1
231,82.64806846261897,0,0,0,0,0,0,0,1,0,0,1
344,55.684124276316766,11,15,1,0,1,0,0,0,0,0,1
307,79.75841988365607,19,13,0,0,0,1,0,0,0,0,1
231,50.78681853844473,14,8,0,0,0,0,1,0,0,0,1
181,48.67622484952058,18,0,1,1,0,0,0,0,0,0,1
310,43.12153935191586,0,0,0,0,0,0,0,1,0,0,1
292,63.710636641645486,0,0,0,0,0,0,0,0,1,1,1
117,46.2980275446249,0,0,1,0,0,0,0,1,0,1,1
337,94.29268921311517,0,0,0,0,0,0,0,0,0,0,0
74,48.95952992912855,15,19,1,0,1,1,0,0,0,0,1
169,21.939539724699635,2,17,0,0,0,0,0,0,0,0,0
371,63.841663544704815,1,7,0,0,0,0,0,0,0,0,0
220,51.15766852030555,0,0,1,0,0,0,0,0,0,0,1
46,104.35462992680786,0,0,0,0,0,0,0,0,0,1,0
283,67.01467765987198,7,8,1,0,0,1,0,0,0,0,1
399,117.49722141248057,0,0,0,0,0,0,0,1,0,0,1
381,97.09959677901887,0,0,0,0,0,0,0,0,0,1,0
86,82.91642541306993,0,0,0,0,0,0,0,1,1,0,1
251,83.85200120420238,0,0,0,0,0,0,0,0,0,0,0
125,83.29089659017447,11,0,0,0,1,0,0,0,0,0,1
9,116.88349294810993,19,25,1,0,0,0,0,0,0,0,1
260,29.1401552304213,20,10,0,0,0,1,0,0,0,0,1
69,68.78428819229799,11,17,0,1,1,0,0,0,0,0,1
188,92.43991578722907,0,0,0,0,0,0,0,0,0,1,0
282,89.70377749956548,0,0,0,0,0,0,0,1,0,1,1
379,66.83947211155626,0,0,0,0,0,0,0,0,1,0,1
156,101.94185514997636,0,0,0,0,0,0,0,0,0,1,0
14,81.97346065702236,12,24,0,0,1,0,1,0,0,0,1
102,72.40697688104524,0,0,1,0,0,0,0,1,0,1,1
214,84.09039297850731,0,0,0,0,0,0,0,0,1,0,1
71,37.86388000361083,2,6,0,1,0,0,0,0,0,0,1
341,68.99096379117769,0,0,0,0,0,0,0,0,0,0,0
11,113.0211036809051,7,20,1,0,0,1,0,0,0,0,1
290,94.3477440910368,0,0,1,0,0,0,0,0,1,0,1
275,24.065315227434283,0,0,0,0,0,0,0,0,0,0,0
56,92.51719328091889,18,12,0,0,1,1,0,0,0,0,1
290,94.91943579773725,14,23,0,0,1,0,1,0,0,0,1
58,36.68093189035474,0,0,0,0,0,0,0,1,0,1,1
278,119.84335720532815,15,11,0,0,0,0,1,0,0,0,1
376,52.34509200484557,0,0,0,0,0,0,0,1,1,0,1
397,75.02387056212642,0,0,0,0,0,0,0,0,0,1,0
5,92.63132783372916,0,0,0,0,0,0,0,1,0,0,1
8,50.03339617281736,0,0,0,0,0,0,0,0,0,0,0
288,71.12714883411161,0,0,0,0,0,0,0,0,0,1,0
84,33.840819347641,0,0,0,0,0,0,0,1,0,0,1
158,29.190512128537264,0,0,1,0,0,0,0,1,0,0,1
252,37.290249085632254,0,0,0,0,0,0,0,1,1,1,1
379,100.83411721608317,13,2,0,0,0,0,0,0,0,0,1
399,42.67176713621516,20,0,1,0,0,1,0,0,0,0,1
281,76.49128939925136,0,0,0,0,0,0,0,1,1,0,1
30,87.36352423696113,13,14,0,0,0,0,0,0,0,0,1
72,53.61681780408703,16,18,0,1,0,0,0,0,0,0,1
362,33.03751748951741,0,0,0,0,0,0,0,0,1,0,1
207,85.22484389791688,0,0,0,0,0,0,0,1,1,0,1
41,46.62570906935028,14,10,0,0,1,0,0,0,0,0,1
183,39.048974156929816,0,0,0,0,0,0,0,1,1,0,1
91,118.76519169637292,0,0,1,0,0,0,0,1,0,1,1
124,39.96852136057558,12,4,0,0,1,0,0,0,0,0,1
152,21.373329269343138,4,9,1,1,0,0,0,0,0,0,1
109,74.64242139701983,9,17,1,0,1,1,1,0,0,0,1
197,78.30049433264156,17,1,0,0,0,0,0,0,0,0,1
32,66.49608184006651,0,0,0,0,0,0,0,0,0,1,0
60,21.90783239341942,0,0,1,0,0,0,0,0,0,0,1
253,106.67727455281198,0,0,0,0,0,0,0,0,0,1,0
25,44.73921397497513,17,9,0,1,0,1,0,0,0,0,1
182,88.43113552921494,12,20,0,0,1,0,0,0,0,0,1
203,109.04020860787615,0,0,0,0,0,0,0,1,0,0,1
179,109.71753149691715,5,2,1,0,0,0,1,0,0,0,1
223,117.0537173095217,20,10,1,0,0,1,0,0,0,0,1
75,50.89983961621827,17,4,1,0,1,1,0,0,0,0,1
39,75.73402980935688,0,0,0,0,0,0,0,0,0,0,0
396,51.86874455223373,14,13,0,1,1,1,1,0,0,0,1
82,97.91078849727928,0,0,0,0,0,0,0,0,0,0,0
315,76.70430929389747,0,0,0,0,0,0,0,1,0,0,1
188,27.947543031082503,16,4,1,0,0,0,0,0,0,0,1
75,36.37863754723953,0,0,0,0,0,0,0,0,0,0,0
216,42.255421237920714,0,0,0,0,0,0,0,0,0,0,0
320,68.99428985108636,0,0,0,0,0,0,0,0,0,1,0
26,80.79299579212946,0,0,1,0,0,0,0,1,0,1,1
271,30.931629278964984,15,1,0,1,1,0,1,0,0,0,1
269,96.51598724026124,0,0,0,0,0,0,0,0,0,1,0
160,97.36770125301257,0,0,0,0,0,0,0,0,0,1,0
318,111.90328199755152,0,0,0,0,0,0,0,0,1,1,1
374,70.06577902523546,6,24,0,1,0,0,0,0,0,0,1
96,65.36807357543368,7,14,0,0,0,1,1,0,0,0,1
372,93.32623312141315,3,3,1,0,0,1,1,0,0,0,1
377,99.10665942370252,0,0,0,0,0,0,0,0,1,1,1
398,37.088498109767414,11,18,0,0,0,0,1,0,0,0,1
219,50.80622055345647,15,9,0,0,0,0,0,0,0,0,1
11,65.86426578285366,0,0,1,0,0,0,0,1,0,1,1
116,78.88623271843092,16,14,1,1,0,1,1,0,0,0,1
130,108.21678649436056,9,19,0,0,0,0,0,0,0,0,0
23,34.537441621593594,0,0,0,0,0,0,0,1,1,1,1
49,24.903136274879905,0,0,1,0,0,0,0,0,0,1,1
238,94.93348090273611,12,1,0,0,0,0,0,0,0,0,1
393,62.73238393910946,18,2,0,1,0,0,1,0,0,0,1
173,72.70527334046207,0,0,0,0,0,0,0,1,0,0,1
297,92.97285197626795,17,2,1,0,0,1,0,0,0,0,1
274,77.51426890121722,0,0,0,0,0,0,0,0,1,1,1
257,100.79803599410297,0,0,0,0,0,0,0,1,0,0,1
65,22.3986797518176,4,23,0,1,0,0,0,0,0,0,1
291,100.60435178689922,0,0,0,0,0,0,0,0,1,0,1
135,99.01955028462116,0,0,0,0,0,0,0,0,1,1,1
63,88.5835788646958,11,12,0,0,0,0,0,0,0,0,1
247,99.72543838289249,0,0,0,0,0,0,0,0,0,1,0
241,98.39890332085388,0,0,1,0,0,0,0,1,0,1,1
289,73.5885475715387,0,0,0,0,0,0,0,1,1,1,1
38,116.96132924355932,0,0,0,0,0,0,0,0,0,1,0
297,80.56890889224877,6,19,0,0,1,0,1,0,0,0,1
144,61.386956786213645,16,7,0,1,0,0,1,0,0,0,1
94,31.2231272266922,0,0,0,0,0,0,0,0,0,1,0
252,110.49558006231062,5,6,0,1,1,1,0,0,0,0,1
78,96.94813972100539,0,0,0,0,0,0,0,1,1,0,1
375,23.655253692990847,13,22,0,0,0,0,1,0,0,0,1
175,66.6875902482762,2,3,0,0,1,0,1,0,0,0,1
169,40.05555122535351,10,8,0,1,1,0,0,0,0,0,1
85,47.363688584015065,1,19,0,0,1,0,1,0,0,0,1
143,34.15568287914828,0,0,0,0,0,0,0,1,0,0,1
164,81.32628835159771,11,17,1,0,0,0,0,0,0,0,1
59,58.359963933974406,3,13,1,0,1,1,1,0,0,0,1
320,55.562431300014744,0,0,0,0,0,0,0,0,1,0,1
295,33.179528037396196,0,0,1,0,0,0,0,0,0,1,1
245,43.169421365446055,0,0,0,0,0,0,0,0,1,1,1
205,38.33530716569321,0,0,0,0,0,0,0,0,0,1,0
38,67.53343620366384,12,15,1,0,0,0,1,0,0,0,1
265,30.293221030895396,4,10,0,0,1,0,0,0,0,0,1
127,82.08748388565411,0,0,0,0,0,0,0,0,0,0,0
111,101.39157048915315,0,0,1,0,0,0,0,0,1,1,1
93,86.26122569263369,3,23,1,0,1,1,0,0,0,0,1
289,29.765390919166094,0,0,1,0,0,0,0,0,0,1,1
311,30.874463383487367,20,24,1,0,0,1,1,0,0,0,1
51,41.761177343900194,5,18,0,0,1,0,0,0,0,0,1
204,81.55721662784472,0,0,1,0,0,0,0,0,0,1,1
296,99.43466597289164,0,0,0,0,0,0,0,0,1,1,1
303,20.8119252409717,17,12,0,0,0,0,1,0,0,0,1
5,90.33541244270671,12,3,0,0,0,0,1,0,0,0,1
325,51.81273096186939,0,0,1,0,0,0,0,0,0,1,1
344,37.34101062630967,5,6,1,0,0,0,0,0,0,0,1
73,21.16027524452358,1,4,1,1,0,0,0,0,0,0,1
238,109.358246914244,0,0,1,0,0,0,0,1,0,1,1
287,102.00714249167275,0,0,1,0,0,0,0,0,0,0,1
314,20.74299914981313,0,0,1,0,0,0,0,1,0,1,1
284,77.6352353147939,0,0,0,0,0,0,0,0,1,1,1
62,78.02687814945944,0,0,0,0,0,0,0,0,1,1,1
269,27.823460193989263,0,0,0,0,0,0,0,0,0,0,0
318,25.277427214075082,0,0,0,0,0,0,0,1,0,1,1
267,110.6055081406477,0,0,0,0,0,0,0,0,0,1,0
90,23.532624017485343,0,0,0,0,0,0,0,1,1,1,1
327,67.31605319540283,6,18,0,0,1,1,0,0,0,0,1
253,28.25101668150822,0,0,0,0,0,0,0,0,0,0,0
145,105.78583840799013,0,0,0,0,0,0,0,1,0,0,1
342,64.66531676781685,6,8,0,1,0,1,0,0,0,0,1
48,116.73456336935628,0,0,0,0,0,0,0,0,0,1,0
343,64.01850083917311,6,6,0,0,1,0,0,0,0,0,1
90,66.40149280335366,16,9,1,0,0,1,1,0,0,0,1
247,46.26251514639692,0,0,1,0,0,0,0,0,0,1,1
352,51.56886246931755,0,0,0,0,0,0,0,0,1,1,1
317,111.80420164172793,0,0,0,0,0,0,0,0,0,1,0
135,85.43432815684142,13,14,0,0,1,0,1,0,0,0,1
165,74.76125554038433,1,2,0,1,0,1,0,0,0,0,1
184,41.94163257274825,0,0,0,0,0,0,0,0,0,0,0
322,29.19412825769328,20,21,0,0,1,0,0,0,0,0,1
197,85.63946289111506,19,25,0,0,1,0,0,0,0,0,1
244,86.04778463854049,0,0,0,0,0,0,0,1,0,1,1
359,110.3391492870295,0,0,0,0,0,0,0,0,0,0,0
36,58.27990024431826,0,0,0,0,0,0,0,0,0,1,0
230,26.93984813371433,7,19,1,0,1,0,0,0,0,0,1
281,96.8707323307198,7,19,0,1,1,0,0,0,0,0,1
42,27.041232713568625,9,24,1,0,0,0,1,0,0,0,1
24,86.46058364993618,9,4,0,1,1,0,1,0,0,0,1
249,63.60576674633677,0,0,0,0,0,0,0,1,0,0,1
357,101.79766593860826,0,0,1,0,0,0,0,0,1,1,1
354,50.282807648639974,0,0,0,0,0,0,0,1,1,0,1
278,105.33420783350283,0,0,0,0,0,0,0,0,0,1,0
95,75.44754716704128,13,21,0,0,1,0,0,0,0,0,1
254,28.4862484672771,0,0,1,0,0,0,0,1,0,0,1
103,22.53646054844485,19,7,1,1,0,1,1,0,0,0,1
260,73.39400467645663,0,0,1,0,0,0,0,0,0,1,1
177,98.77785319165288,2,12,0,0,1,1,1,0,0,0,1
352,107.02000295687868,0,0,0,0,0,0,0,1,1,0,1
23,93.54597236334567,16,20,0,1,1,0,0,0,0,0,1
12,37.22490089584995,2,9,0,1,1,0,1,0,0,0,1
59,31.417968196528772,20,25,0,0,0,0,0,0,0,0,1
171,32.080243956933366,0,0,0,0,0,0,0,0,0,0,0
176,26.322188765365986,9,4,1,0,1,0,1,0,0,0,1
229,44.36446094935799,19,1,0,0,1,1,0,0,0,0,1
13,107.96269408387502,3,0,0,0,0,1,1,0,0,0,1
218,89.35035273984953,0,0,1,0,0,0,0,1,0,0,1
332,47.09497475854074,15,13,0,0,1,1,0,0,0,0,1
372,69.98876349035635,3,20,0,0,0,0,1,0,0,0,1
103,31.750782271179194,17,3,0,0,0,1,1,0,0,0,1
146,25.306901927082976,4,25,0,1,0,0,0,0,0,0,1
32,84.48608365967353,10,6,1,0,0,1,0,0,0,0,1
